{
  "flags": {
    "0": {
      "outline": [
        [
          0.042492436346330348,
          0.85214331848930891
        ],
        [
          0.044190874765032563,
          0.87106815562961482
        ],
        [
          0.049087262467280818,
          0.88888483199784674
        ],
        [
          0.05688320812228758,
          0.90529474642402541
        ],
        [
          0.067280320399265237,
          0.91999929773817124
        ],
        [
          0.079980207967426276,
          0.93269988477030519
        ],
        [
          0.09468447949598309,
          0.94309790635044743
        ],
        [
          0.11109474365414815,
          0.95089476130861872
        ],
        [
          0.12891260911113386,
          0.95579184847483978
        ],
        [
          0.14783968453615268,
          0.95749056667913113
        ],
        [
          0.14783968453615257,
          0.95749056667913113
        ],
        [
          0.1667642302331365,
          0.95579184847483978
        ],
        [
          0.1845801255332655,
          0.95089476130861872
        ],
        [
          0.20098890915935486,
          0.94309790635044743
        ],
        [
          0.21569211983421963,
          0.93269988477030519
        ],
        [
          0.22839129628067495,
          0.91999929773817146
        ],
        [
          0.23878797722153611,
          0.90529474642402552
        ],
        [
          0.24658370137961819,
          0.88888483199784696
        ],
        [
          0.2514800074777363,
          0.87106815562961515
        ],
        [
          0.25317843423870567,
          0.85214331848930924
        ],
        [
          0.25317843423870551,
          0.85214331848930891
        ],
        [
          0.042492436346330348,
          0.85214331848930891
        ]
      ]
    },
    "1": {
      "outline": [
        [
          0.042492436346330348,
          0.85214331848930891
        ],
        [
          0.044190874765032563,
          0.8332162430642901
        ],
        [
          0.049087262467280818,
          0.81539837760730438
        ],
        [
          0.05688320812228758,
          0.79898811344913945
        ],
        [
          0.067280320399265237,
          0.78428384192058254
        ],
        [
          0.079980207967426276,
          0.77158395435242144
        ],
        [
          0.09468447949598309,
          0.76118684207544385
        ],
        [
          0.11109474365414815,
          0.75339089642043711
        ],
        [
          0.12891260911113386,
          0.7484945087181889
        ],
        [
          0.14783968453615268,
          0.74679607029948647
        ],
        [
          0.14783968453615257,
          0.74679607029948669
        ],
        [
          0.1667642302331365,
          0.7484945087181889
        ],
        [
          0.1845801255332655,
          0.75339089642043711
        ],
        [
          0.20098890915935486,
          0.76118684207544385
        ],
        [
          0.21569211983421963,
          0.77158395435242144
        ],
        [
          0.22839129628067495,
          0.78428384192058243
        ],
        [
          0.23878797722153611,
          0.79898811344913923
        ],
        [
          0.24658370137961819,
          0.81539837760730416
        ],
        [
          0.2514800074777363,
          0.83321624306428999
        ],
        [
          0.25317843423870567,
          0.85214331848930858
        ],
        [
          0.25317843423870551,
          0.85214331848930891
        ],
        [
          0.042492436346330348,
          0.85214331848930891
        ]
      ]
    },
    "2": {
      "outline": [
        [
          0.94333208688853376,
          0.85214331848930891
        ],
        [
          0.77336234150321237,
          0.85214331848930891
        ],
        [
          0.77336234150321237,
          0.85214331848930891
        ],
        [
          0.65438351973348741,
          0.74679607029948669
        ],
        [
          0.65438351973348741,
          0.74679607029948669
        ],
        [
          0.8243532651188088,
          0.74679607029948669
        ],
        [
          0.8243532651188088,
          0.74679607029948669
        ],
        [
          0.94333208688853376,
          0.85214331848930891
        ]
      ]
    },
    "3": {
      "outline": [
        [
          0.94333208688853376,
          0.85214331848930891
        ],
        [
          0.77336234150321237,
          0.85214331848930891
        ],
        [
          0.77336234150321237,
          0.85214331848930891
        ],
        [
          0.65438351973348741,
          0.95749056667913113
        ],
        [
          0.65438351973348741,
          0.95749056667913113
        ],
        [
          0.8243532651188088,
          0.95749056667913113
        ],
        [
          0.8243532651188088,
          0.95749056667913113
        ],
        [
          0.94333208688853376,
          0.85214331848930891
        ]
      ]
    }
  },
  "icon": [
    [
      0.38243192711697316,
      0.78247271985586564
    ],
    [
      0.5217731243838597,
      0.92181391712275207
    ]
  ],
  "inputs": [
    [
      0.0,
      0.85214331848930891,
      0.0
    ],
    [
      0.0023837265882996521,
      0.87870275826156719,
      0.0
    ],
    [
      0.0092556337043336913,
      0.90370596064078923,
      0.0
    ],
    [
      0.020196812374804692,
      0.92673422649286941,
      0.0
    ],
    [
      0.034788353626415268,
      0.9473688566837023,
      0.0
    ],
    [
      0.052611348485868036,
      0.96519115207918227,
      0.0
    ],
    [
      0.073246887979865519,
      0.97978241354520379,
      0.0
    ],
    [
      0.09627606313511039,
      0.99072394194766122,
      0.0
    ],
    [
      0.12127996497830523,
      0.99759703815244904,
      0.0
    ],
    [
      0.14783968453615262,
      0.99998300302546161,
      0.0
    ],
    [
      0.14783968453615257,
      0.99998300302546139,
      0.0
    ],
    [
      0.61531597375667135,
      1.0,
      0.0
    ]
  ],
  "name": "corsair",