{
  "flags": {
    "0": {
      "outline": [
        [
          0.3859663157894736,
          0.8859663157894737
        ],
        [
          0.3859663157894736,
          0.7195536842105263
        ],
        [
          0.3859663157894736,
          0.7195536842105263
        ],
        [
          0.16641263157894734,
          0.5
        ],
        [
          0.16641263157894734,
          0.5
        ],
        [
          0.0,
          0.5
        ],
        [
          0.0,
          0.5
        ],
        [
          0.0,
          0.6929831578947369
        ],
        [
          0.0,
          0.6929831578947369
        ],
        [
          0.00311152407768391,
          0.7276530445455202
        ],
        [
          0.012081588332972343,
          0.7602918807306331
        ],
        [
          0.026363430799220277,
          0.7903529044834308
        ],
        [
          0.04541028950978266,
          0.8172893538372681
        ],
        [
          0.06867540249801456,
          0.8405544668255
        ],
        [
          0.09561200779727093,
          0.8596014814814815
        ],
        [
          0.1256733434409067,
          0.8738836358385677
        ],
        [
          0.15831264746227697,
          0.8828541679301134
        ],
        [
          0.19298315789473677,
          0.8859663157894737
        ],
        [
          0.19298315789473677,
          0.8859663157894737
        ],
        [
          0.3859663157894735,
          0.8859663157894737
        ],
        [
          0.3859663157894735,
          0.8859663157894737
        ],
        [
          0.3859663157894736,
          0.8859663157894737
        ]
      ]
    },
    "1": {
      "outline": [
        [
          0.3859663157894736,
          0.11403578947368442
        ],
        [
          0.3859663157894736,
          0.2804463157894739
        ],
        [
          0.3859663157894736,
          0.2804463157894739
        ],
        [
          0.16641263157894734,
          0.5000000000000002
        ],
        [
          0.16641263157894734,
          0.5000000000000002
        ],
        [
          0.0,
          0.5000000000000002
        ],
        [
          0.0,
          0.5000000000000002
        ],
        [
          0.0,
          0.3070189473684214
        ],
        [
          0.0,
          0.3070189473684214
        ],
        [
          0.00311152407768391,
          0.27234906071763787
        ],
        [
          0.012081588332972343,
          0.239710224532525
        ],
        [
          0.026363430799220277,
          0.20964920077972737
        ],
        [
          0.04541028950978266,
          0.18271275142589005
        ],
        [
          0.06867540249801456,
          0.1594476384376584
        ],
        [
          0.09561200779727093,
          0.14040062378167684
        ],
        [
          0.1256733434409067,
          0.1261184694245907
        ],
        [
          0.15831264746227697,
          0.11714793733304518
        ],
        [
          0.19298315789473677,
          0.11403578947368476
        ],
        [
          0.19298315789473677,
          0.11403578947368442
        ],
        [
          0.3859663157894735,
          0.11403578947368442
        ],
        [
          0.3859663157894735,
          0.11403578947368442
        ],
        [
          0.3859663157894736,
          0.11403578947368442
        ]
      ]
    },
    "2": {
      "outline": [
        [
          0.3859663157894736,
          0.11403578947368442
        ],
        [
          0.3859663157894736,
          0.2804463157894739
        ],
        [
          0.3859663157894736,
          0.2804463157894739
        ],
        [
          0.6055199999999998,
          0.5000000000000002
        ],
        [
          0.6055199999999998,
          0.5000000000000002
        ],
        [
          0.7719305263157894,
          0.5000000000000002
        ],
        [
          0.7719305263157894,
          0.5000000000000002
        ],
        [
          0.7719305263157894,
          0.3070189473684214
        ],
        [
          0.7719305263157894,
          0.3070189473684214
        ],
        [
          0.7688190022381055,
          0.27234906071763787
        ],
        [
          0.759848937982817,
          0.239710224532525
        ],
        [
          0.7455670955165691,
          0.20964920077972737
        ],
        [
          0.7265202368060066,
          0.18271275142589005
        ],
        [
          0.7032551238177746,
          0.1594476384376584
        ],
        [
          0.6763185185185182,
          0.14040062378167684
        ],
        [
          0.6462571828748824,
          0.1261184694245907
        ],
        [
          0.613617878853512,
          0.11714793733304518
        ],
        [
          0.5789473684210521,
          0.11403578947368476
        ],
        [
          0.5789473684210525,
          0.11403578947368442
        ],
        [
          0.3859663157894736,
          0.11403578947368442
        ]
      ]
    },
    "3": {
      "outline": [
        [
          0.3859663157894736,
          0.8859663157894737
        ],
        [
          0.3859663157894736,
          0.7195536842105263
        ],
        [
          0.3859663157894736,
          0.7195536842105263
        ],
        [
          0.6055199999999998,
          0.5
        ],
        [
          0.6055199999999998,
          0.5
        ],
        [
          0.7719305263157894,
          0.5
        ],
        [
          0.7719305263157894,
          0.5
        ],
        [
          0.7719305263157894,
          0.6929831578947369
        ],
        [
          0.7719305263157894,
          0.6929831578947369
        ],
        [
          0.7688190022381055,
          0.7276530445455202
        ],
        [
          0.759848937982817,
          0.7602918807306331
        ],
        [
          0.7455670955165691,
          0.7903529044834308
        ],
        [
          0.7265202368060066,
          0.8172893538372681
        ],
        [
          0.7032551238177746,
          0.8405544668255
        ],
        [
          0.6763185185185182,
          0.8596014814814815
        ],
        [
          0.6462571828748824,
          0.8738836358385677
        ],
        [
          0.613617878853512,
          0.8828541679301134
        ],
        [
          0.5789473684210521,
          0.8859663157894737
        ],
        [
          0.5789473684210525,
          0.8859663157894737
        ],
        [
          0.3859663157894736,
          0.8859663157894737
        ],
        [
          0.3859663157894736,
          0.8859663157894737
        ],
        [
          0.3859663157894736,
          0.8859663157894737
        ]
      ]
    }
  },
  "icon": [
    [
      0.27193052631578946,
      0.38596631578947393
    ],
    [
      0.4999999999999999,
      0.6140357894736843
    ]
  ],